"Name","Poor Children Living in Concentrated Poverty"
"Description","The total poor population under the age of 18 living in extreme-poverty neighborhoods.&nbsp;Extreme-poverty neighborhoods are census tracts with poverty rates of 40 percent or higher. For residents living in concentrated poverty, the burdens of individual poverty are amplified. The obstacles they face may include high crime rates, poor health outcomes, reduced private investments, limited educational and job opportunities, and poor housing conditions."
"Source Notes","U.S. Census Bureau, American Community Survey 5-Year Estimates, Table S1701 (2010-2020); retrieved from&nbsp;<a href=""https://data.census.gov/"">https://data.census.gov/</a><a href=""http://factfinder2.census.gov/"" target=""_blank""></a>."
"Notes","Percents refer to the share of the poor children living in extreme poverty tracts."

Location,TimeFrame,DataFormat,Data,Fips
Battery Park/Tribeca,2010,Number,0,101
Greenwich Village,2010,Number,0,102
Lower East Side,2010,Number,1955,103
Chelsea/Clinton,2010,Number,0,104
Midtown Business District,2010,Number,0,105
Murray Hill/Stuyvesant,2010,Number,0,106
Upper West Side,2010,Number,0,107
Upper East Side,2010,Number,0,108
Manhattanville,2010,Number,1387,109
Central Harlem,2010,Number,3917,110
East Harlem,2010,Number,2211,111
Washington Heights,2010,Number,140,112
Mott Haven,2010,Number,11358.91115,201
Hunts Point,2010,Number,6486.08885,202
Morrisania,2010,Number,8145.96884,203
Concourse/Highbridge,2010,Number,9451,204
University Heights,2010,Number,11871,205
East Tremont,2010,Number,8504.03116,206
Bedford Park,2010,Number,4298,207
Riverdale,2010,Number,0,208
Unionport/Soundview,2010,Number,1530,209
Throgs Neck,2010,Number,0,210
Pelham Parkway,2010,Number,0,211
Williamsbridge,2010,Number,18,212
Williamsburg/Greenpoint,2010,Number,12076,301
Fort Greene/Brooklyn Hts,2010,Number,1402,302
Bedford Stuyvesant,2010,Number,9981,303
Bushwick,2010,Number,2542,304
East New York,2010,Number,4314,305
Park Slope,2010,Number,1371,306
Sunset Park,2010,Number,792,307
Crown Heights North,2010,Number,1670,308
Crown Heights South,2010,Number,0,309
Bay Ridge,2010,Number,0,310
Bensonhurst,2010,Number,0,311
Borough Park,2010,Number,4415,312
Coney Island,2010,Number,50,313
Flatbush/Midwood,2010,Number,239,314
Sheepshead Bay,2010,Number,741,315
Brownsville,2010,Number,8569,316
East Flatbush,2010,Number,0,317
Canarsie,2010,Number,1349,318
Astoria,2010,Number,758,401
Sunnyside/Woodside,2010,Number,0,402
Jackson Heights,2010,Number,0,403
Elmhurst/Corona,2010,Number,0,404
Ridgewood/Glendale,2010,Number,187,405
Rego Park/Forest Hills,2010,Number,0,406
Flushing,2010,Number,0,407
Fresh Meadows/Briarwood,2010,Number,0,408
Woodhaven,2010,Number,0,409
Howard Beach,2010,Number,0,410
Bayside,2010,Number,0,411
Jamaica/St. Albans,2010,Number,0,412
Queens Village,2010,Number,0,413
The Rockaways,2010,Number,2332,414
St. George,2010,Number,315,501
South Beach,2010,Number,0,502
Tottenville,2010,Number,0,503
Bronx,2010,Number,61663,36005
Brooklyn,2010,Number,49511,36047
Manhattan,2010,Number,9610,36061
Queens,2010,Number,3277,36081
Staten Island,2010,Number,315,36085
New York City,2010,Number,124376,3651000
Battery Park/Tribeca,2010,Percent,0,101
Greenwich Village,2010,Percent,0,102
Lower East Side,2010,Percent,0.23354,103
Chelsea/Clinton,2010,Percent,0,104
Midtown Business District,2010,Percent,0,105
Murray Hill/Stuyvesant,2010,Percent,0,106
Upper West Side,2010,Percent,0,107
Upper East Side,2010,Percent,0,108
Manhattanville,2010,Percent,0.17277,109
Central Harlem,2010,Percent,0.39107,110
East Harlem,2010,Percent,0.17996,111
Washington Heights,2010,Percent,0.00877,112
Mott Haven,2010,Percent,0.72544,201
Hunts Point,2010,Percent,0.72544,202
Morrisania,2010,Percent,0.66166,203
Concourse/Highbridge,2010,Percent,0.49679,204
University Heights,2010,Percent,0.57724,205
East Tremont,2010,Percent,0.66166,206
Bedford Park,2010,Percent,0.28648,207
Riverdale,2010,Percent,0,208
Unionport/Soundview,2010,Percent,0.09666,209
Throgs Neck,2010,Percent,0,210
Pelham Parkway,2010,Percent,0,211
Williamsbridge,2010,Percent,0.0019,212
Williamsburg/Greenpoint,2010,Percent,0.74848,301
Fort Greene/Brooklyn Hts,2010,Percent,0.27045,302
Bedford Stuyvesant,2010,Percent,0.54106,303
Bushwick,2010,Percent,0.17548,304
East New York,2010,Percent,0.25215,305
Park Slope,2010,Percent,0.49964,306
Sunset Park,2010,Percent,0.07177,307
Crown Heights North,2010,Percent,0.17093,308
Crown Heights South,2010,Percent,0,309
Bay Ridge,2010,Percent,0,310
Bensonhurst,2010,Percent,0,311
Borough Park,2010,Percent,0.20417,312
Coney Island,2010,Percent,0.00905,313
Flatbush/Midwood,2010,Percent,0.02087,314
Sheepshead Bay,2010,Percent,0.15649,315
Brownsville,2010,Percent,0.53543,316
East Flatbush,2010,Percent,0,317
Canarsie,2010,Percent,0.19748,318
Astoria,2010,Percent,0.10056,401
Sunnyside/Woodside,2010,Percent,0,402
Jackson Heights,2010,Percent,0,403
Elmhurst/Corona,2010,Percent,0,404
Ridgewood/Glendale,2010,Percent,0.02862,405
Rego Park/Forest Hills,2010,Percent,0,406
Flushing,2010,Percent,0,407
Fresh Meadows/Briarwood,2010,Percent,0,408
Woodhaven,2010,Percent,0,409
Howard Beach,2010,Percent,0,410
Bayside,2010,Percent,0,411
Jamaica/St. Albans,2010,Percent,0,412
Queens Village,2010,Percent,0,413
The Rockaways,2010,Percent,0.27598,414
St. George,2010,Percent,0.03107,501
South Beach,2010,Percent,0,502
Tottenville,2010,Percent,0,503
Bronx,2010,Percent,0.41964,36005
Brooklyn,2010,Percent,0.26485,36047
Manhattan,2010,Percent,0.15399,36061
Queens,2010,Percent,0.0403,36081
Staten Island,2010,Percent,0.02018,36085
New York City,2010,Percent,0.25217,3651000
Battery Park/Tribeca,2011,Number,0,101
Greenwich Village,2011,Number,0,102
Lower East Side,2011,Number,1766,103
Chelsea/Clinton,2011,Number,0,104
Midtown Business District,2011,Number,0,105
Murray Hill/Stuyvesant,2011,Number,0,106
Upper West Side,2011,Number,0,107
Upper East Side,2011,Number,0,108
Manhattanville,2011,Number,1135,109
Central Harlem,2011,Number,3228,110
East Harlem,2011,Number,1988,111
Washington Heights,2011,Number,0,112
Mott Haven,2011,Number,10372.28675,201
Hunts Point,2011,Number,5922.71325,202
Morrisania,2011,Number,7815.72686,203
Concourse/Highbridge,2011,Number,7851,204
University Heights,2011,Number,11936,205
East Tremont,2011,Number,8159.27314,206
Bedford Park,2011,Number,2812,207
Riverdale,2011,Number,1907,208
Unionport/Soundview,2011,Number,1966,209
Throgs Neck,2011,Number,0,210
Pelham Parkway,2011,Number,0,211
Williamsbridge,2011,Number,0,212
Williamsburg/Greenpoint,2011,Number,11223,301
Fort Greene/Brooklyn Hts,2011,Number,1983,302
Bedford Stuyvesant,2011,Number,9928,303
Bushwick,2011,Number,2236,304
East New York,2011,Number,5107,305
Park Slope,2011,Number,1361,306
Sunset Park,2011,Number,192,307
Crown Heights North,2011,Number,1989,308
Crown Heights South,2011,Number,0,309
Bay Ridge,2011,Number,419,310
Bensonhurst,2011,Number,0,311
Borough Park,2011,Number,5411,312
Coney Island,2011,Number,811,313
Flatbush/Midwood,2011,Number,0,314
Sheepshead Bay,2011,Number,613,315
Brownsville,2011,Number,8469,316
East Flatbush,2011,Number,0,317
Canarsie,2011,Number,1150,318
Astoria,2011,Number,666,401
Sunnyside/Woodside,2011,Number,0,402
Jackson Heights,2011,Number,0,403
Elmhurst/Corona,2011,Number,0,404
Ridgewood/Glendale,2011,Number,396,405
Rego Park/Forest Hills,2011,Number,0,406
Flushing,2011,Number,0,407
Fresh Meadows/Briarwood,2011,Number,1073,408
Woodhaven,2011,Number,0,409
Howard Beach,2011,Number,0,410
Bayside,2011,Number,0,411
Jamaica/St. Albans,2011,Number,0,412
Queens Village,2011,Number,0,413
The Rockaways,2011,Number,2350,414
St. George,2011,Number,305,501
South Beach,2011,Number,0,502
Tottenville,2011,Number,0,503
Bronx,2011,Number,58742,36005
Brooklyn,2011,Number,50892,36047
Manhattan,2011,Number,8117,36061
Queens,2011,Number,4485,36081
Staten Island,2011,Number,305,36085
New York City,2011,Number,122541,3651000
Battery Park/Tribeca,2011,Percent,0,101
Greenwich Village,2011,Percent,0,102
Lower East Side,2011,Percent,0.2156,103
Chelsea/Clinton,2011,Percent,0,104
Midtown Business District,2011,Percent,0,105
Murray Hill/Stuyvesant,2011,Percent,0,106
Upper West Side,2011,Percent,0,107
Upper East Side,2011,Percent,0,108
Manhattanville,2011,Percent,0.14719,109
Central Harlem,2011,Percent,0.32882,110
East Harlem,2011,Percent,0.1828,111
Washington Heights,2011,Percent,0,112
Mott Haven,2011,Percent,0.70041,201
Hunts Point,2011,Percent,0.70041,202
Morrisania,2011,Percent,0.65236,203
Concourse/Highbridge,2011,Percent,0.4081,204
University Heights,2011,Percent,0.59484,205
East Tremont,2011,Percent,0.65236,206
Bedford Park,2011,Percent,0.19277,207
Riverdale,2011,Percent,0.34959,208
Unionport/Soundview,2011,Percent,0.12047,209
Throgs Neck,2011,Percent,0,210
Pelham Parkway,2011,Percent,0,211
Williamsbridge,2011,Percent,0,212
Williamsburg/Greenpoint,2011,Percent,0.73904,301
Fort Greene/Brooklyn Hts,2011,Percent,0.387,302
Bedford Stuyvesant,2011,Percent,0.57021,303
Bushwick,2011,Percent,0.15693,304
East New York,2011,Percent,0.28667,305
Park Slope,2011,Percent,0.52046,306
Sunset Park,2011,Percent,0.01645,307
Crown Heights North,2011,Percent,0.19821,308
Crown Heights South,2011,Percent,0,309
Bay Ridge,2011,Percent,0.08157,310
Bensonhurst,2011,Percent,0,311
Borough Park,2011,Percent,0.24123,312
Coney Island,2011,Percent,0.15066,313
Flatbush/Midwood,2011,Percent,0,314
Sheepshead Bay,2011,Percent,0.1318,315
Brownsville,2011,Percent,0.52733,316
East Flatbush,2011,Percent,0,317
Canarsie,2011,Percent,0.15416,318
Astoria,2011,Percent,0.09329,401
Sunnyside/Woodside,2011,Percent,0,402
Jackson Heights,2011,Percent,0,403
Elmhurst/Corona,2011,Percent,0,404
Ridgewood/Glendale,2011,Percent,0.05425,405
Rego Park/Forest Hills,2011,Percent,0,406
Flushing,2011,Percent,0,407
Fresh Meadows/Briarwood,2011,Percent,0.22509,408
Woodhaven,2011,Percent,0,409
Howard Beach,2011,Percent,0,410
Bayside,2011,Percent,0,411
Jamaica/St. Albans,2011,Percent,0,412
Queens Village,2011,Percent,0,413
The Rockaways,2011,Percent,0.27973,414
St. George,2011,Percent,0.02653,501
South Beach,2011,Percent,0,502
Tottenville,2011,Percent,0,503
Bronx,2011,Percent,0.40302,36005
Brooklyn,2011,Percent,0.27218,36047
Manhattan,2011,Percent,0.13549,36061
Queens,2011,Percent,0.05345,36081
Staten Island,2011,Percent,0.0179,36085
New York City,2011,Percent,0.24827,3651000
Battery Park/Tribeca,2012,Number,0,101
Greenwich Village,2012,Number,0,102
Lower East Side,2012,Number,1535,103
Chelsea/Clinton,2012,Number,0,104
Midtown Business District,2012,Number,0,105
Murray Hill/Stuyvesant,2012,Number,0,106
Upper West Side,2012,Number,0,107
Upper East Side,2012,Number,0,108
Manhattanville,2012,Number,1541,109
Central Harlem,2012,Number,2372,110
East Harlem,2012,Number,3267,111
Washington Heights,2012,Number,0,112
Mott Haven,2012,Number,10500.86619,201
Hunts Point,2012,Number,5996.13381,202
Morrisania,2012,Number,8987.96358,203
Concourse/Highbridge,2012,Number,7275,204
University Heights,2012,Number,11136,205
East Tremont,2012,Number,9383.03642,206
Bedford Park,2012,Number,3276,207
Riverdale,2012,Number,1034,208
Unionport/Soundview,2012,Number,1513,209
Throgs Neck,2012,Number,946,210
Pelham Parkway,2012,Number,0,211
Williamsbridge,2012,Number,1580,212
Williamsburg/Greenpoint,2012,Number,11864,301
Fort Greene/Brooklyn Hts,2012,Number,2952,302
Bedford Stuyvesant,2012,Number,6929,303
Bushwick,2012,Number,2925,304
East New York,2012,Number,5655,305
Park Slope,2012,Number,1186,306
Sunset Park,2012,Number,200,307
Crown Heights North,2012,Number,2009,308
Crown Heights South,2012,Number,0,309
Bay Ridge,2012,Number,345,310
Bensonhurst,2012,Number,0,311
Borough Park,2012,Number,7817,312
Coney Island,2012,Number,2285,313
Flatbush/Midwood,2012,Number,1918,314
Sheepshead Bay,2012,Number,825,315
Brownsville,2012,Number,8338,316
East Flatbush,2012,Number,0,317
Canarsie,2012,Number,1644,318
Astoria,2012,Number,628,401
Sunnyside/Woodside,2012,Number,0,402
Jackson Heights,2012,Number,0,403
Elmhurst/Corona,2012,Number,459,404
Ridgewood/Glendale,2012,Number,280,405
Rego Park/Forest Hills,2012,Number,0,406
Flushing,2012,Number,285,407
Fresh Meadows/Briarwood,2012,Number,992,408
Woodhaven,2012,Number,0,409
Howard Beach,2012,Number,0,410
Bayside,2012,Number,0,411
Jamaica/St. Albans,2012,Number,0,412
Queens Village,2012,Number,0,413
The Rockaways,2012,Number,2684,414
St. George,2012,Number,1494,501
South Beach,2012,Number,0,502
Tottenville,2012,Number,0,503
Bronx,2012,Number,61628,36005
Brooklyn,2012,Number,56892,36047
Manhattan,2012,Number,8715,36061
Queens,2012,Number,5328,36081
Staten Island,2012,Number,1494,36085
New York City,2012,Number,134057,3651000
Battery Park/Tribeca,2012,Percent,0,101
Greenwich Village,2012,Percent,0,102
Lower East Side,2012,Percent,0.2087,103
Chelsea/Clinton,2012,Percent,0,104
Midtown Business District,2012,Percent,0,105
Murray Hill/Stuyvesant,2012,Percent,0,106
Upper West Side,2012,Percent,0,107
Upper East Side,2012,Percent,0,108
Manhattanville,2012,Percent,0.19267,109
Central Harlem,2012,Percent,0.24403,110
East Harlem,2012,Percent,0.29689,111
Washington Heights,2012,Percent,0,112
Mott Haven,2012,Percent,0.68617,201
Hunts Point,2012,Percent,0.68617,202
Morrisania,2012,Percent,0.70903,203
Concourse/Highbridge,2012,Percent,0.37839,204
University Heights,2012,Percent,0.56036,205
East Tremont,2012,Percent,0.70903,206
Bedford Park,2012,Percent,0.23647,207
Riverdale,2012,Percent,0.18086,208
Unionport/Soundview,2012,Percent,0.08679,209
Throgs Neck,2012,Percent,0.18916,210
Pelham Parkway,2012,Percent,0,211
Williamsbridge,2012,Percent,0.14876,212
Williamsburg/Greenpoint,2012,Percent,0.7612,301
Fort Greene/Brooklyn Hts,2012,Percent,0.52837,302
Bedford Stuyvesant,2012,Percent,0.42152,303
Bushwick,2012,Percent,0.20521,304
East New York,2012,Percent,0.30791,305
Park Slope,2012,Percent,0.48887,306
Sunset Park,2012,Percent,0.0161,307
Crown Heights North,2012,Percent,0.21849,308
Crown Heights South,2012,Percent,0,309
Bay Ridge,2012,Percent,0.06492,310
Bensonhurst,2012,Percent,0,311
Borough Park,2012,Percent,0.34272,312
Coney Island,2012,Percent,0.41674,313
Flatbush/Midwood,2012,Percent,0.16735,314
Sheepshead Bay,2012,Percent,0.1624,315
Brownsville,2012,Percent,0.49285,316
East Flatbush,2012,Percent,0,317
Canarsie,2012,Percent,0.20002,318
Astoria,2012,Percent,0.09284,401
Sunnyside/Woodside,2012,Percent,0,402
Jackson Heights,2012,Percent,0,403
Elmhurst/Corona,2012,Percent,0.05479,404
Ridgewood/Glendale,2012,Percent,0.03895,405
Rego Park/Forest Hills,2012,Percent,0,406
Flushing,2012,Percent,0.04425,407
Fresh Meadows/Briarwood,2012,Percent,0.19243,408
Woodhaven,2012,Percent,0,409
Howard Beach,2012,Percent,0,410
Bayside,2012,Percent,0,411
Jamaica/St. Albans,2012,Percent,0,412
Queens Village,2012,Percent,0,413
The Rockaways,2012,Percent,0.28523,414
St. George,2012,Percent,0.12509,501
South Beach,2012,Percent,0,502
Tottenville,2012,Percent,0,503
Bronx,2012,Percent,0.41189,36005
Brooklyn,2012,Percent,0.29703,36047
Manhattan,2012,Percent,0.15155,36061
Queens,2012,Percent,0.0595,36081
Staten Island,2012,Percent,0.08688,36085
New York City,2012,Percent,0.26524,3651000
Battery Park/Tribeca,2013,Number,0,101
Greenwich Village,2013,Number,0,102
Lower East Side,2013,Number,1397,103
Chelsea/Clinton,2013,Number,0,104
Midtown Business District,2013,Number,0,105
Murray Hill/Stuyvesant,2013,Number,0,106
Upper West Side,2013,Number,0,107
Upper East Side,2013,Number,0,108
Manhattanville,2013,Number,959,109
Central Harlem,2013,Number,3241,110
East Harlem,2013,Number,2901,111
Washington Heights,2013,Number,0,112
Mott Haven,2013,Number,9272.99622,201
Hunts Point,2013,Number,5295.00378,202
Morrisania,2013,Number,10547.19497,203
Concourse/Highbridge,2013,Number,6741,204
University Heights,2013,Number,13420,205
East Tremont,2013,Number,11010.80503,206
Bedford Park,2013,Number,3241,207
Riverdale,2013,Number,957,208
Unionport/Soundview,2013,Number,5882,209
Throgs Neck,2013,Number,1112,210
Pelham Parkway,2013,Number,0,211
Williamsbridge,2013,Number,1921,212
Williamsburg/Greenpoint,2013,Number,12604,301
Fort Greene/Brooklyn Hts,2013,Number,3287,302
Bedford Stuyvesant,2013,Number,9939,303
Bushwick,2013,Number,1402,304
East New York,2013,Number,6512,305
Park Slope,2013,Number,998,306
Sunset Park,2013,Number,1653,307
Crown Heights North,2013,Number,2380,308
Crown Heights South,2013,Number,446,309
Bay Ridge,2013,Number,399,310
Bensonhurst,2013,Number,0,311
Borough Park,2013,Number,11870,312
Coney Island,2013,Number,2954,313
Flatbush/Midwood,2013,Number,574,314
Sheepshead Bay,2013,Number,938,315
Brownsville,2013,Number,9419,316
East Flatbush,2013,Number,750,317
Canarsie,2013,Number,1243,318
Astoria,2013,Number,379,401
Sunnyside/Woodside,2013,Number,0,402
Jackson Heights,2013,Number,0,403
Elmhurst/Corona,2013,Number,0,404
Ridgewood/Glendale,2013,Number,323,405
Rego Park/Forest Hills,2013,Number,0,406
Flushing,2013,Number,0,407
Fresh Meadows/Briarwood,2013,Number,1097,408
Woodhaven,2013,Number,0,409
Howard Beach,2013,Number,0,410
Bayside,2013,Number,0,411
Jamaica/St. Albans,2013,Number,830,412
Queens Village,2013,Number,0,413
The Rockaways,2013,Number,2734,414
St. George,2013,Number,291,501
South Beach,2013,Number,0,502
Tottenville,2013,Number,0,503
Bronx,2013,Number,69400,36005
Brooklyn,2013,Number,67368,36047
Manhattan,2013,Number,8498,36061
Queens,2013,Number,5363,36081
Staten Island,2013,Number,291,36085
New York City,2013,Number,150920,3651000
Battery Park/Tribeca,2013,Percent,0,101
Greenwich Village,2013,Percent,0,102
Lower East Side,2013,Percent,0.18056,103
Chelsea/Clinton,2013,Percent,0,104
Midtown Business District,2013,Percent,0,105
Murray Hill/Stuyvesant,2013,Percent,0,106
Upper West Side,2013,Percent,0,107
Upper East Side,2013,Percent,0,108
Manhattanville,2013,Percent,0.12942,109
Central Harlem,2013,Percent,0.33227,110
East Harlem,2013,Percent,0.25909,111
Washington Heights,2013,Percent,0,112
Mott Haven,2013,Percent,0.61973,201
Hunts Point,2013,Percent,0.61973,202
Morrisania,2013,Percent,0.83082,203
Concourse/Highbridge,2013,Percent,0.37373,204
University Heights,2013,Percent,0.66683,205
East Tremont,2013,Percent,0.83082,206
Bedford Park,2013,Percent,0.22566,207
Riverdale,2013,Percent,0.17515,208
Unionport/Soundview,2013,Percent,0.31337,209
Throgs Neck,2013,Percent,0.2445,210
Pelham Parkway,2013,Percent,0,211
Williamsbridge,2013,Percent,0.17656,212
Williamsburg/Greenpoint,2013,Percent,0.83332,301
Fort Greene/Brooklyn Hts,2013,Percent,0.56054,302
Bedford Stuyvesant,2013,Percent,0.56856,303
Bushwick,2013,Percent,0.10086,304
East New York,2013,Percent,0.36307,305
Park Slope,2013,Percent,0.41722,306
Sunset Park,2013,Percent,0.12382,307
Crown Heights North,2013,Percent,0.24109,308
Crown Heights South,2013,Percent,0.05595,309
Bay Ridge,2013,Percent,0.06958,310
Bensonhurst,2013,Percent,0,311
Borough Park,2013,Percent,0.48934,312
Coney Island,2013,Percent,0.49398,313
Flatbush/Midwood,2013,Percent,0.0516,314
Sheepshead Bay,2013,Percent,0.1552,315
Brownsville,2013,Percent,0.54908,316
East Flatbush,2013,Percent,0.11405,317
Canarsie,2013,Percent,0.16459,318
Astoria,2013,Percent,0.05569,401
Sunnyside/Woodside,2013,Percent,0,402
Jackson Heights,2013,Percent,0,403
Elmhurst/Corona,2013,Percent,0,404
Ridgewood/Glendale,2013,Percent,0.0425,405
Rego Park/Forest Hills,2013,Percent,0,406
Flushing,2013,Percent,0,407
Fresh Meadows/Briarwood,2013,Percent,0.18314,408
Woodhaven,2013,Percent,0,409
Howard Beach,2013,Percent,0,410
Bayside,2013,Percent,0,411
Jamaica/St. Albans,2013,Percent,0.06398,412
Queens Village,2013,Percent,0,413
The Rockaways,2013,Percent,0.2989,414
St. George,2013,Percent,0.02356,501
South Beach,2013,Percent,0,502
Tottenville,2013,Percent,0,503
Bronx,2013,Percent,0.46288,36005
Brooklyn,2013,Percent,0.34262,36047
Manhattan,2013,Percent,0.14834,36061
Queens,2013,Percent,0.05736,36081
Staten Island,2013,Percent,0.01618,36085
New York City,2013,Percent,0.29286,3651000
Battery Park/Tribeca,2014,Number,0,101
Greenwich Village,2014,Number,0,102
Lower East Side,2014,Number,1388,103
Chelsea/Clinton,2014,Number,0,104
Midtown Business District,2014,Number,0,105
Murray Hill/Stuyvesant,2014,Number,0,106
Upper West Side,2014,Number,0,107
Upper East Side,2014,Number,0,108
Manhattanville,2014,Number,992,109
Central Harlem,2014,Number,3480,110
East Harlem,2014,Number,3644,111
Washington Heights,2014,Number,0,112
Mott Haven,2014,Number,11563.23788,201
Hunts Point,2014,Number,6602.76212,202
Morrisania,2014,Number,10945.44234,203
Concourse/Highbridge,2014,Number,11203,204
University Heights,2014,Number,13354,205
East Tremont,2014,Number,11426.55766,206
Bedford Park,2014,Number,2241,207
Riverdale,2014,Number,0,208
Unionport/Soundview,2014,Number,5166,209
Throgs Neck,2014,Number,1167,210
Pelham Parkway,2014,Number,0,211
Williamsbridge,2014,Number,1052,212
Williamsburg/Greenpoint,2014,Number,11526,301
Fort Greene/Brooklyn Hts,2014,Number,3576,302
Bedford Stuyvesant,2014,Number,10722,303
Bushwick,2014,Number,958,304
East New York,2014,Number,5586,305
Park Slope,2014,Number,857,306
Sunset Park,2014,Number,2382,307
Crown Heights North,2014,Number,2674,308
Crown Heights South,2014,Number,496,309
Bay Ridge,2014,Number,0,310
Bensonhurst,2014,Number,0,311
Borough Park,2014,Number,13883,312
Coney Island,2014,Number,3831,313
Flatbush/Midwood,2014,Number,634,314
Sheepshead Bay,2014,Number,644,315
Brownsville,2014,Number,9586,316
East Flatbush,2014,Number,0,317
Canarsie,2014,Number,1257,318
Astoria,2014,Number,1708,401
Sunnyside/Woodside,2014,Number,0,402
Jackson Heights,2014,Number,0,403
Elmhurst/Corona,2014,Number,641,404
Ridgewood/Glendale,2014,Number,0,405
Rego Park/Forest Hills,2014,Number,0,406
Flushing,2014,Number,0,407
Fresh Meadows/Briarwood,2014,Number,1099,408
Woodhaven,2014,Number,0,409
Howard Beach,2014,Number,0,410
Bayside,2014,Number,0,411
Jamaica/St. Albans,2014,Number,0,412
Queens Village,2014,Number,0,413
The Rockaways,2014,Number,2082,414
St. George,2014,Number,396,501
South Beach,2014,Number,0,502
Tottenville,2014,Number,0,503
Bronx,2014,Number,74721,36005
Brooklyn,2014,Number,68612,36047
Manhattan,2014,Number,9504,36061
Queens,2014,Number,5530,36081
Staten Island,2014,Number,396,36085
New York City,2014,Number,158763,3651000
Battery Park/Tribeca,2014,Percent,0,101
Greenwich Village,2014,Percent,0,102
Lower East Side,2014,Percent,0.1892,103
Chelsea/Clinton,2014,Percent,0,104
Midtown Business District,2014,Percent,0,105
Murray Hill/Stuyvesant,2014,Percent,0,106
Upper West Side,2014,Percent,0,107
Upper East Side,2014,Percent,0,108
Manhattanville,2014,Percent,0.13899,109
Central Harlem,2014,Percent,0.34387,110
East Harlem,2014,Percent,0.32041,111
Washington Heights,2014,Percent,0,112
Mott Haven,2014,Percent,0.76021,201
Hunts Point,2014,Percent,0.76021,202
Morrisania,2014,Percent,0.82289,203
Concourse/Highbridge,2014,Percent,0.57918,204
University Heights,2014,Percent,0.67109,205
East Tremont,2014,Percent,0.82289,206
Bedford Park,2014,Percent,0.1643,207
Riverdale,2014,Percent,0,208
Unionport/Soundview,2014,Percent,0.28353,209
Throgs Neck,2014,Percent,0.25464,210
Pelham Parkway,2014,Percent,0,211
Williamsbridge,2014,Percent,0.10343,212
Williamsburg/Greenpoint,2014,Percent,0.78142,301
Fort Greene/Brooklyn Hts,2014,Percent,0.59156,302
Bedford Stuyvesant,2014,Percent,0.63534,303
Bushwick,2014,Percent,0.07381,304
East New York,2014,Percent,0.32859,305
Park Slope,2014,Percent,0.37654,306
Sunset Park,2014,Percent,0.16977,307
Crown Heights North,2014,Percent,0.29183,308
Crown Heights South,2014,Percent,0.06577,309
Bay Ridge,2014,Percent,0,310
Bensonhurst,2014,Percent,0,311
Borough Park,2014,Percent,0.52733,312
Coney Island,2014,Percent,0.56588,313
Flatbush/Midwood,2014,Percent,0.05871,314
Sheepshead Bay,2014,Percent,0.09703,315
Brownsville,2014,Percent,0.52696,316
East Flatbush,2014,Percent,0,317
Canarsie,2014,Percent,0.15052,318
Astoria,2014,Percent,0.244,401
Sunnyside/Woodside,2014,Percent,0,402
Jackson Heights,2014,Percent,0,403
Elmhurst/Corona,2014,Percent,0.06919,404
Ridgewood/Glendale,2014,Percent,0,405
Rego Park/Forest Hills,2014,Percent,0,406
Flushing,2014,Percent,0,407
Fresh Meadows/Briarwood,2014,Percent,0.17706,408
Woodhaven,2014,Percent,0,409
Howard Beach,2014,Percent,0,410
Bayside,2014,Percent,0,411
Jamaica/St. Albans,2014,Percent,0,412
Queens Village,2014,Percent,0,413
The Rockaways,2014,Percent,0.23557,414
St. George,2014,Percent,0.0309,501
South Beach,2014,Percent,0,502
Tottenville,2014,Percent,0,503
Bronx,2014,Percent,0.49299,36005
Brooklyn,2014,Percent,0.34384,36047
Manhattan,2014,Percent,0.16879,36061
Queens,2014,Percent,0.0571,36081
Staten Island,2014,Percent,0.02127,36085
New York City,2014,Percent,0.30363,3651000
Battery Park/Tribeca,2015,Number,0,101
Greenwich Village,2015,Number,0,102
Lower East Side,2015,Number,2860,103
Chelsea/Clinton,2015,Number,0,104
Midtown Business District,2015,Number,0,105
Murray Hill/Stuyvesant,2015,Number,0,106
Upper West Side,2015,Number,0,107
Upper East Side,2015,Number,0,108
Manhattanville,2015,Number,2392,109
Central Harlem,2015,Number,4074,110
East Harlem,2015,Number,4910,111
Washington Heights,2015,Number,0,112
Mott Haven,2015,Number,11519.95371,201
Hunts Point,2015,Number,6578.04629,202
Morrisania,2015,Number,11205.23269,203
Concourse/Highbridge,2015,Number,11189,204
University Heights,2015,Number,12822,205
East Tremont,2015,Number,11697.76731,206
Bedford Park,2015,Number,3124,207
Riverdale,2015,Number,0,208
Unionport/Soundview,2015,Number,5734,209
Throgs Neck,2015,Number,1020,210
Pelham Parkway,2015,Number,0,211
Williamsbridge,2015,Number,1138,212
Williamsburg/Greenpoint,2015,Number,11123,301
Fort Greene/Brooklyn Hts,2015,Number,3466,302
Bedford Stuyvesant,2015,Number,9916,303
Bushwick,2015,Number,854,304
East New York,2015,Number,3099,305
Park Slope,2015,Number,1075,306
Sunset Park,2015,Number,3893,307
Crown Heights North,2015,Number,2100,308
Crown Heights South,2015,Number,0,309
Bay Ridge,2015,Number,0,310
Bensonhurst,2015,Number,0,311
Borough Park,2015,Number,12595,312
Coney Island,2015,Number,3556,313
Flatbush/Midwood,2015,Number,0,314
Sheepshead Bay,2015,Number,655,315
Brownsville,2015,Number,9411,316
East Flatbush,2015,Number,0,317
Canarsie,2015,Number,1428,318
Astoria,2015,Number,986,401
Sunnyside/Woodside,2015,Number,0,402
Jackson Heights,2015,Number,0,403
Elmhurst/Corona,2015,Number,790,404
Ridgewood/Glendale,2015,Number,0,405
Rego Park/Forest Hills,2015,Number,0,406
Flushing,2015,Number,0,407
Fresh Meadows/Briarwood,2015,Number,912,408
Woodhaven,2015,Number,0,409
Howard Beach,2015,Number,0,410
Bayside,2015,Number,0,411
Jamaica/St. Albans,2015,Number,0,412
Queens Village,2015,Number,0,413
The Rockaways,2015,Number,1357,414
St. George,2015,Number,1273,501
South Beach,2015,Number,0,502
Tottenville,2015,Number,0,503
Bronx,2015,Number,76028,36005
Brooklyn,2015,Number,63171,36047
Manhattan,2015,Number,14236,36061
Queens,2015,Number,4045,36081
Staten Island,2015,Number,1273,36085
New York City,2015,Number,158753,3651000
Battery Park/Tribeca,2015,Percent,0,101
Greenwich Village,2015,Percent,0,102
Lower East Side,2015,Percent,0.34404,103
Chelsea/Clinton,2015,Percent,0,104
Midtown Business District,2015,Percent,0,105
Murray Hill/Stuyvesant,2015,Percent,0,106
Upper West Side,2015,Percent,0,107
Upper East Side,2015,Percent,0,108
Manhattanville,2015,Percent,0.32961,109
Central Harlem,2015,Percent,0.40863,110
East Harlem,2015,Percent,0.43363,111
Washington Heights,2015,Percent,0,112
Mott Haven,2015,Percent,0.7579,201
Hunts Point,2015,Percent,0.7579,202
Morrisania,2015,Percent,0.85018,203
Concourse/Highbridge,2015,Percent,0.57107,204
University Heights,2015,Percent,0.62255,205
East Tremont,2015,Percent,0.85018,206
Bedford Park,2015,Percent,0.21765,207
Riverdale,2015,Percent,0,208
Unionport/Soundview,2015,Percent,0.31062,209
Throgs Neck,2015,Percent,0.27295,210
Pelham Parkway,2015,Percent,0,211
Williamsbridge,2015,Percent,0.11307,212
Williamsburg/Greenpoint,2015,Percent,0.74792,301
Fort Greene/Brooklyn Hts,2015,Percent,0.58399,302
Bedford Stuyvesant,2015,Percent,0.56812,303
Bushwick,2015,Percent,0.06892,304
East New York,2015,Percent,0.1994,305
Park Slope,2015,Percent,0.48819,306
Sunset Park,2015,Percent,0.2596,307
Crown Heights North,2015,Percent,0.23772,308
Crown Heights South,2015,Percent,0,309
Bay Ridge,2015,Percent,0,310
Bensonhurst,2015,Percent,0,311
Borough Park,2015,Percent,0.48579,312
Coney Island,2015,Percent,0.53611,313
Flatbush/Midwood,2015,Percent,0,314
Sheepshead Bay,2015,Percent,0.09927,315
Brownsville,2015,Percent,0.5412,316
East Flatbush,2015,Percent,0,317
Canarsie,2015,Percent,0.16863,318
Astoria,2015,Percent,0.14311,401
Sunnyside/Woodside,2015,Percent,0,402
Jackson Heights,2015,Percent,0,403
Elmhurst/Corona,2015,Percent,0.08426,404
Ridgewood/Glendale,2015,Percent,0,405
Rego Park/Forest Hills,2015,Percent,0,406
Flushing,2015,Percent,0,407
Fresh Meadows/Briarwood,2015,Percent,0.1502,408
Woodhaven,2015,Percent,0,409
Howard Beach,2015,Percent,0,410
Bayside,2015,Percent,0,411
Jamaica/St. Albans,2015,Percent,0,412
Queens Village,2015,Percent,0,413
The Rockaways,2015,Percent,0.17026,414
St. George,2015,Percent,0.10143,501
South Beach,2015,Percent,0,502
Tottenville,2015,Percent,0,503
Bronx,2015,Percent,0.49807,36005
Brooklyn,2015,Percent,0.31997,36047
Manhattan,2015,Percent,0.24599,36061
Queens,2015,Percent,0.04258,36081
Staten Island,2015,Percent,0.06985,36085
New York City,2015,Percent,0.30461,3651000
Battery Park/Tribeca,2016,Number,0,101
Greenwich Village,2016,Number,0,102
Lower East Side,2016,Number,1851,103
Chelsea/Clinton,2016,Number,0,104
Midtown Business District,2016,Number,0,105
Murray Hill/Stuyvesant,2016,Number,0,106
Upper West Side,2016,Number,0,107
Upper East Side,2016,Number,0,108
Manhattanville,2016,Number,996,109
Central Harlem,2016,Number,4977,110
East Harlem,2016,Number,4348,111
Washington Heights,2016,Number,0,112
Mott Haven,2016,Number,12404.733,201
Hunts Point,2016,Number,7083.267,202
Morrisania,2016,Number,8943.44207,203
Concourse/Highbridge,2016,Number,10087,204
University Heights,2016,Number,15086,205
East Tremont,2016,Number,9336.55793,206
Bedford Park,2016,Number,1438,207
Riverdale,2016,Number,818,208
Unionport/Soundview,2016,Number,4778,209
Throgs Neck,2016,Number,1103,210
Pelham Parkway,2016,Number,0,211
Williamsbridge,2016,Number,954,212
Williamsburg/Greenpoint,2016,Number,10287,301
Fort Greene/Brooklyn Hts,2016,Number,3344,302
Bedford Stuyvesant,2016,Number,9844,303
Bushwick,2016,Number,797,304
East New York,2016,Number,5337,305
Park Slope,2016,Number,949,306
Sunset Park,2016,Number,5883,307
Crown Heights North,2016,Number,1617,308
Crown Heights South,2016,Number,0,309
Bay Ridge,2016,Number,0,310
Bensonhurst,2016,Number,0,311
Borough Park,2016,Number,12288,312
Coney Island,2016,Number,982,313
Flatbush/Midwood,2016,Number,0,314
Sheepshead Bay,2016,Number,772,315
Brownsville,2016,Number,8085,316
East Flatbush,2016,Number,0,317
Canarsie,2016,Number,497,318
Astoria,2016,Number,677,401
Sunnyside/Woodside,2016,Number,0,402
Jackson Heights,2016,Number,0,403
Elmhurst/Corona,2016,Number,0,404
Ridgewood/Glendale,2016,Number,0,405
Rego Park/Forest Hills,2016,Number,0,406
Flushing,2016,Number,0,407
Fresh Meadows/Briarwood,2016,Number,0,408
Woodhaven,2016,Number,0,409
Howard Beach,2016,Number,12,410
Bayside,2016,Number,0,411
Jamaica/St. Albans,2016,Number,551,412
Queens Village,2016,Number,0,413
The Rockaways,2016,Number,1513,414
St. George,2016,Number,2050,501
South Beach,2016,Number,0,502
Tottenville,2016,Number,0,503
Bronx,2016,Number,72032,36005
Brooklyn,2016,Number,60682,36047
Manhattan,2016,Number,12172,36061
Queens,2016,Number,2753,36081
Staten Island,2016,Number,2050,36085
New York City,2016,Number,149689,3651000
Battery Park/Tribeca,2016,Percent,0,101
Greenwich Village,2016,Percent,0,102
Lower East Side,2016,Percent,0.27701,103
Chelsea/Clinton,2016,Percent,0,104
Midtown Business District,2016,Percent,0,105
Murray Hill/Stuyvesant,2016,Percent,0,106
Upper West Side,2016,Percent,0,107
Upper East Side,2016,Percent,0,108
Manhattanville,2016,Percent,0.15638,109
Central Harlem,2016,Percent,0.45943,110
East Harlem,2016,Percent,0.37248,111
Washington Heights,2016,Percent,0,112
Mott Haven,2016,Percent,0.79197,201
Hunts Point,2016,Percent,0.79197,202
Morrisania,2016,Percent,0.68994,203
Concourse/Highbridge,2016,Percent,0.52073,204
University Heights,2016,Percent,0.72585,205
East Tremont,2016,Percent,0.68994,206
Bedford Park,2016,Percent,0.09716,207
Riverdale,2016,Percent,0.13572,208
Unionport/Soundview,2016,Percent,0.25234,209
Throgs Neck,2016,Percent,0.29819,210
Pelham Parkway,2016,Percent,0,211
Williamsbridge,2016,Percent,0.09408,212
Williamsburg/Greenpoint,2016,Percent,0.69465,301
Fort Greene/Brooklyn Hts,2016,Percent,0.57437,302
Bedford Stuyvesant,2016,Percent,0.57906,303
Bushwick,2016,Percent,0.06958,304
East New York,2016,Percent,0.34448,305
Park Slope,2016,Percent,0.45735,306
Sunset Park,2016,Percent,0.39691,307
Crown Heights North,2016,Percent,0.19172,308
Crown Heights South,2016,Percent,0,309
Bay Ridge,2016,Percent,0,310
Bensonhurst,2016,Percent,0,311
Borough Park,2016,Percent,0.46983,312
Coney Island,2016,Percent,0.14825,313
Flatbush/Midwood,2016,Percent,0,314
Sheepshead Bay,2016,Percent,0.11122,315
Brownsville,2016,Percent,0.51744,316
East Flatbush,2016,Percent,0,317
Canarsie,2016,Percent,0.06269,318
Astoria,2016,Percent,0.10877,401
Sunnyside/Woodside,2016,Percent,0,402
Jackson Heights,2016,Percent,0,403
Elmhurst/Corona,2016,Percent,0,404
Ridgewood/Glendale,2016,Percent,0,405
Rego Park/Forest Hills,2016,Percent,0,406
Flushing,2016,Percent,0,407
Fresh Meadows/Briarwood,2016,Percent,0,408
Woodhaven,2016,Percent,0,409
Howard Beach,2016,Percent,0.00214,410
Bayside,2016,Percent,0,411
Jamaica/St. Albans,2016,Percent,0.04787,412
Queens Village,2016,Percent,0,413
The Rockaways,2016,Percent,0.18029,414
St. George,2016,Percent,0.16751,501
South Beach,2016,Percent,0,502
Tottenville,2016,Percent,0,503
Bronx,2016,Percent,0.46876,36005
Brooklyn,2016,Percent,0.3152,36047
Manhattan,2016,Percent,0.21737,36061
Queens,2016,Percent,0.02983,36081
Staten Island,2016,Percent,0.11095,36085
New York City,2016,Percent,0.29183,3651000
Battery Park/Tribeca,2017,Number,0,101
Greenwich Village,2017,Number,0,102
Lower East Side,2017,Number,1514,103
Chelsea/Clinton,2017,Number,18.66058,104
Midtown Business District,2017,Number,9.33942,105
Murray Hill/Stuyvesant,2017,Number,0,106
Upper West Side,2017,Number,0,107
Upper East Side,2017,Number,0,108
Manhattanville,2017,Number,1261,109
Central Harlem,2017,Number,2848,110
East Harlem,2017,Number,6379,111
Washington Heights,2017,Number,428,112
Mott Haven,2017,Number,9017.11041,201
Hunts Point,2017,Number,5148.88959,202
Morrisania,2017,Number,8106.82905,203
Concourse/Highbridge,2017,Number,10108,204
University Heights,2017,Number,12623,205
East Tremont,2017,Number,8463.17095,206
Bedford Park,2017,Number,3771,207
Riverdale,2017,Number,1005,208
Unionport/Soundview,2017,Number,6199,209
Throgs Neck,2017,Number,0,210
Pelham Parkway,2017,Number,453,211
Williamsbridge,2017,Number,961,212
Williamsburg/Greenpoint,2017,Number,10422,301
Fort Greene/Brooklyn Hts,2017,Number,2272,302
Bedford Stuyvesant,2017,Number,9718,303
Bushwick,2017,Number,781,304
East New York,2017,Number,5126,305
Park Slope,2017,Number,1041,306
Sunset Park,2017,Number,3411,307
Crown Heights North,2017,Number,1911,308
Crown Heights South,2017,Number,0,309
Bay Ridge,2017,Number,0,310
Bensonhurst,2017,Number,0,311
Borough Park,2017,Number,11618,312
Coney Island,2017,Number,21,313
Flatbush/Midwood,2017,Number,0,314
Sheepshead Bay,2017,Number,0,315
Brownsville,2017,Number,6924,316
East Flatbush,2017,Number,0,317
Canarsie,2017,Number,1432,318
Astoria,2017,Number,0,401
Sunnyside/Woodside,2017,Number,0,402
Jackson Heights,2017,Number,0,403
Elmhurst/Corona,2017,Number,0,404
Ridgewood/Glendale,2017,Number,0,405
Rego Park/Forest Hills,2017,Number,0,406
Flushing,2017,Number,0,407
Fresh Meadows/Briarwood,2017,Number,0,408
Woodhaven,2017,Number,0,409
Howard Beach,2017,Number,13,410
Bayside,2017,Number,0,411
Jamaica/St. Albans,2017,Number,0,412
Queens Village,2017,Number,0,413
The Rockaways,2017,Number,0,414
St. George,2017,Number,1128,501
South Beach,2017,Number,0,502
Tottenville,2017,Number,0,503
Bronx,2017,Number,65856,36005
Brooklyn,2017,Number,54677,36047
Manhattan,2017,Number,12458,36061
Queens,2017,Number,13,36081
Staten Island,2017,Number,1128,36085
New York City,2017,Number,134132,3651000
Battery Park/Tribeca,2017,Percent,0,101
Greenwich Village,2017,Percent,0,102
Lower East Side,2017,Percent,0.2295,103
Chelsea/Clinton,2017,Percent,0.01057,104
Midtown Business District,2017,Percent,0.01057,105
Murray Hill/Stuyvesant,2017,Percent,0,106
Upper West Side,2017,Percent,0,107
Upper East Side,2017,Percent,0,108
Manhattanville,2017,Percent,0.19529,109
Central Harlem,2017,Percent,0.29352,110
East Harlem,2017,Percent,0.52991,111
Washington Heights,2017,Percent,0.0347,112
Mott Haven,2017,Percent,0.60538,201
Hunts Point,2017,Percent,0.60538,202
Morrisania,2017,Percent,0.65473,203
Concourse/Highbridge,2017,Percent,0.52577,204
University Heights,2017,Percent,0.61196,205
East Tremont,2017,Percent,0.65473,206
Bedford Park,2017,Percent,0.24167,207
Riverdale,2017,Percent,0.16664,208
Unionport/Soundview,2017,Percent,0.3442,209
Throgs Neck,2017,Percent,0,210
Pelham Parkway,2017,Percent,0.05227,211
Williamsbridge,2017,Percent,0.10261,212
Williamsburg/Greenpoint,2017,Percent,0.75363,301
Fort Greene/Brooklyn Hts,2017,Percent,0.42707,302
Bedford Stuyvesant,2017,Percent,0.58986,303
Bushwick,2017,Percent,0.07449,304
East New York,2017,Percent,0.34525,305
Park Slope,2017,Percent,0.5078,306
Sunset Park,2017,Percent,0.25697,307
Crown Heights North,2017,Percent,0.23861,308
Crown Heights South,2017,Percent,0,309
Bay Ridge,2017,Percent,0,310
Bensonhurst,2017,Percent,0,311
Borough Park,2017,Percent,0.44633,312
Coney Island,2017,Percent,0.00302,313
Flatbush/Midwood,2017,Percent,0,314
Sheepshead Bay,2017,Percent,0,315
Brownsville,2017,Percent,0.51373,316
East Flatbush,2017,Percent,0,317
Canarsie,2017,Percent,0.18446,318
Astoria,2017,Percent,0,401
Sunnyside/Woodside,2017,Percent,0,402
Jackson Heights,2017,Percent,0,403
Elmhurst/Corona,2017,Percent,0,404
Ridgewood/Glendale,2017,Percent,0,405
Rego Park/Forest Hills,2017,Percent,0,406
Flushing,2017,Percent,0,407
Fresh Meadows/Briarwood,2017,Percent,0,408
Woodhaven,2017,Percent,0,409
Howard Beach,2017,Percent,0.00254,410
Bayside,2017,Percent,0,411
Jamaica/St. Albans,2017,Percent,0,412
Queens Village,2017,Percent,0,413
The Rockaways,2017,Percent,0,414
St. George,2017,Percent,0.09505,501
South Beach,2017,Percent,0,502
Tottenville,2017,Percent,0,503
Bronx,2017,Percent,0.43969,36005
Brooklyn,2017,Percent,0.29928,36047
Manhattan,2017,Percent,0.22817,36061
Queens,2017,Percent,0.00015,36081
Staten Island,2017,Percent,0.06061,36085
New York City,2017,Percent,0.27352,3651000
Battery Park/Tribeca,2018,Number,0,101
Greenwich Village,2018,Number,0,102
Lower East Side,2018,Number,1728,103
Chelsea/Clinton,2018,Number,27.32442,104
Midtown Business District,2018,Number,13.67558,105
Murray Hill/Stuyvesant,2018,Number,0,106
Upper West Side,2018,Number,0,107
Upper East Side,2018,Number,0,108
Manhattanville,2018,Number,1274,109
Central Harlem,2018,Number,2399,110
East Harlem,2018,Number,5675,111
Washington Heights,2018,Number,327,112
Mott Haven,2018,Number,9072.48868,201
Hunts Point,2018,Number,5180.51132,202
Morrisania,2018,Number,7051.52246,203
Concourse/Highbridge,2018,Number,8606,204
University Heights,2018,Number,12058,205
East Tremont,2018,Number,7361.47754,206
Bedford Park,2018,Number,768,207
Riverdale,2018,Number,1227,208
Unionport/Soundview,2018,Number,5915,209
Throgs Neck,2018,Number,0,210
Pelham Parkway,2018,Number,581,211
Williamsbridge,2018,Number,1052,212
Williamsburg/Greenpoint,2018,Number,11577,301
Fort Greene/Brooklyn Hts,2018,Number,2257,302
Bedford Stuyvesant,2018,Number,9512,303
Bushwick,2018,Number,671,304
East New York,2018,Number,2982,305
Park Slope,2018,Number,1213,306
Sunset Park,2018,Number,2873,307
Crown Heights North,2018,Number,2405,308
Crown Heights South,2018,Number,9,309
Bay Ridge,2018,Number,0,310
Bensonhurst,2018,Number,0,311
Borough Park,2018,Number,8590,312
Coney Island,2018,Number,2044,313
Flatbush/Midwood,2018,Number,0,314
Sheepshead Bay,2018,Number,0,315
Brownsville,2018,Number,5399,316
East Flatbush,2018,Number,0,317
Canarsie,2018,Number,939,318
Astoria,2018,Number,761,401
Sunnyside/Woodside,2018,Number,0,402
Jackson Heights,2018,Number,0,403
Elmhurst/Corona,2018,Number,0,404
Ridgewood/Glendale,2018,Number,0,405
Rego Park/Forest Hills,2018,Number,0,406
Flushing,2018,Number,769,407
Fresh Meadows/Briarwood,2018,Number,0,408
Woodhaven,2018,Number,0,409
Howard Beach,2018,Number,0,410
Bayside,2018,Number,0,411
Jamaica/St. Albans,2018,Number,0,412
Queens Village,2018,Number,0,413
The Rockaways,2018,Number,625,414
St. George,2018,Number,1660,501
South Beach,2018,Number,0,502
Tottenville,2018,Number,0,503
Bronx,2018,Number,58873,36005
Brooklyn,2018,Number,50471,36047
Manhattan,2018,Number,11444,36061
Queens,2018,Number,2155,36081
Staten Island,2018,Number,1660,36085
New York City,2018,Number,124603,3651000
Battery Park/Tribeca,2018,Percent,0,101
Greenwich Village,2018,Percent,0,102
Lower East Side,2018,Percent,0.26134,103
Chelsea/Clinton,2018,Percent,0.02318,104
Midtown Business District,2018,Percent,0.02318,105
Murray Hill/Stuyvesant,2018,Percent,0,106
Upper West Side,2018,Percent,0,107
Upper East Side,2018,Percent,0,108
Manhattanville,2018,Percent,0.22045,109
Central Harlem,2018,Percent,0.25989,110
East Harlem,2018,Percent,0.47709,111
Washington Heights,2018,Percent,0.02855,112
Mott Haven,2018,Percent,0.64639,201
Hunts Point,2018,Percent,0.64639,202
Morrisania,2018,Percent,0.60422,203
Concourse/Highbridge,2018,Percent,0.48378,204
University Heights,2018,Percent,0.5856,205
East Tremont,2018,Percent,0.60422,206
Bedford Park,2018,Percent,0.05069,207
Riverdale,2018,Percent,0.19638,208
Unionport/Soundview,2018,Percent,0.33932,209
Throgs Neck,2018,Percent,0,210
Pelham Parkway,2018,Percent,0.07001,211
Williamsbridge,2018,Percent,0.11541,212
Williamsburg/Greenpoint,2018,Percent,0.81123,301
Fort Greene/Brooklyn Hts,2018,Percent,0.46488,302
Bedford Stuyvesant,2018,Percent,0.61722,303
Bushwick,2018,Percent,0.06358,304
East New York,2018,Percent,0.21191,305
Park Slope,2018,Percent,0.56209,306
Sunset Park,2018,Percent,0.25231,307
Crown Heights North,2018,Percent,0.31636,308
Crown Heights South,2018,Percent,0.00152,309
Bay Ridge,2018,Percent,0,310
Bensonhurst,2018,Percent,0,311
Borough Park,2018,Percent,0.35215,312
Coney Island,2018,Percent,0.27966,313
Flatbush/Midwood,2018,Percent,0,314
Sheepshead Bay,2018,Percent,0,315
Brownsville,2018,Percent,0.46919,316
East Flatbush,2018,Percent,0,317
Canarsie,2018,Percent,0.1319,318
Astoria,2018,Percent,0.1438,401
Sunnyside/Woodside,2018,Percent,0,402
Jackson Heights,2018,Percent,0,403
Elmhurst/Corona,2018,Percent,0,404
Ridgewood/Glendale,2018,Percent,0,405
Rego Park/Forest Hills,2018,Percent,0,406
Flushing,2018,Percent,0.10831,407
Fresh Meadows/Briarwood,2018,Percent,0,408
Woodhaven,2018,Percent,0,409
Howard Beach,2018,Percent,0,410
Bayside,2018,Percent,0,411
Jamaica/St. Albans,2018,Percent,0,412
Queens Village,2018,Percent,0,413
The Rockaways,2018,Percent,0.07178,414
St. George,2018,Percent,0.14754,501
South Beach,2018,Percent,0,502
Tottenville,2018,Percent,0,503
Bronx,2018,Percent,0.40896,36005
Brooklyn,2018,Percent,0.29135,36047
Manhattan,2018,Percent,0.22091,36061
Queens,2018,Percent,0.02754,36081
Staten Island,2018,Percent,0.09322,36085
New York City,2018,Percent,0.26792,3651000
Battery Park/Tribeca,2019,Number,0,101
Greenwich Village,2019,Number,0,102
Lower East Side,2019,Number,2743,103
Chelsea/Clinton,2019,Number,0,104
Midtown Business District,2019,Number,45,105
Murray Hill/Stuyvesant,2019,Number,0,106
Upper West Side,2019,Number,0,107
Upper East Side,2019,Number,0,108
Manhattanville,2019,Number,1148,109
Central Harlem,2019,Number,1034,110
East Harlem,2019,Number,3598,111
Washington Heights,2019,Number,351,112
Mott Haven,2019,Number,9664,201
Hunts Point,2019,Number,3349,202
Morrisania,2019,Number,5648,203
Concourse/Highbridge,2019,Number,5166,204
University Heights,2019,Number,6447,205
East Tremont,2019,Number,8184,206
Bedford Park,2019,Number,999,207
Riverdale,2019,Number,1077,208
Unionport/Soundview,2019,Number,4949,209
Throgs Neck,2019,Number,0,210
Pelham Parkway,2019,Number,339,211
Williamsbridge,2019,Number,993,212
Williamsburg/Greenpoint,2019,Number,12301,301
Fort Greene/Brooklyn Hts,2019,Number,1089,302
Bedford Stuyvesant,2019,Number,8176,303
Bushwick,2019,Number,0,304
East New York,2019,Number,3978,305
Park Slope,2019,Number,1143,306
Sunset Park,2019,Number,913,307
Crown Heights North,2019,Number,1642,308
Crown Heights South,2019,Number,20,309
Bay Ridge,2019,Number,181,310
Bensonhurst,2019,Number,0,311
Borough Park,2019,Number,7396,312
Coney Island,2019,Number,2365,313
Flatbush/Midwood,2019,Number,0,314
Sheepshead Bay,2019,Number,0,315
Brownsville,2019,Number,2989,316
East Flatbush,2019,Number,0,317
Canarsie,2019,Number,1014,318
Astoria,2019,Number,134,401
Sunnyside/Woodside,2019,Number,0,402
Jackson Heights,2019,Number,0,403
Elmhurst/Corona,2019,Number,0,404
Ridgewood/Glendale,2019,Number,0,405
Rego Park/Forest Hills,2019,Number,0,406
Flushing,2019,Number,0,407
Fresh Meadows/Briarwood,2019,Number,0,408
Woodhaven,2019,Number,0,409
Howard Beach,2019,Number,0,410
Bayside,2019,Number,0,411
Jamaica/St. Albans,2019,Number,0,412
Queens Village,2019,Number,0,413
The Rockaways,2019,Number,629,414
St. George,2019,Number,959,501
South Beach,2019,Number,0,502
Tottenville,2019,Number,0,503
Bronx,2019,Number,46815,36005
Brooklyn,2019,Number,43207,36047
Manhattan,2019,Number,8919,36061
Queens,2019,Number,763,36081
Staten Island,2019,Number,959,36085
New York City,2019,Number,100663,3651000
Battery Park/Tribeca,2019,Percent,0,101
Greenwich Village,2019,Percent,0,102
Lower East Side,2019,Percent,0.42383,103
Chelsea/Clinton,2019,Percent,0,104
Midtown Business District,2019,Percent,0.1875,105
Murray Hill/Stuyvesant,2019,Percent,0,106
Upper West Side,2019,Percent,0,107
Upper East Side,2019,Percent,0,108
Manhattanville,2019,Percent,0.20445,109
Central Harlem,2019,Percent,0.11854,110
East Harlem,2019,Percent,0.31999,111
Washington Heights,2019,Percent,0.03916,112
Mott Haven,2019,Percent,0.65412,201
Hunts Point,2019,Percent,0.49373,202
Morrisania,2019,Percent,0.48702,203
Concourse/Highbridge,2019,Percent,0.28318,204
University Heights,2019,Percent,0.34529,205
East Tremont,2019,Percent,0.69823,206
Bedford Park,2019,Percent,0.077,207
Riverdale,2019,Percent,0.15175,208
Unionport/Soundview,2019,Percent,0.29909,209
Throgs Neck,2019,Percent,0,210
Pelham Parkway,2019,Percent,0.05003,211
Williamsbridge,2019,Percent,0.10268,212
Williamsburg/Greenpoint,2019,Percent,0.77628,301
Fort Greene/Brooklyn Hts,2019,Percent,0.40318,302
Bedford Stuyvesant,2019,Percent,0.53631,303
Bushwick,2019,Percent,0,304
East New York,2019,Percent,0.24004,305
Park Slope,2019,Percent,0.43345,306
Sunset Park,2019,Percent,0.08893,307
Crown Heights North,2019,Percent,0.28049,308
Crown Heights South,2019,Percent,0.00357,309
Bay Ridge,2019,Percent,0.04122,310
Bensonhurst,2019,Percent,0,311
Borough Park,2019,Percent,0.32557,312
Coney Island,2019,Percent,0.40187,313
Flatbush/Midwood,2019,Percent,0,314
Sheepshead Bay,2019,Percent,0,315
Brownsville,2019,Percent,0.37339,316
East Flatbush,2019,Percent,0,317
Canarsie,2019,Percent,0.14728,318
Astoria,2019,Percent,0.02799,401
Sunnyside/Woodside,2019,Percent,0,402
Jackson Heights,2019,Percent,0,403
Elmhurst/Corona,2019,Percent,0,404
Ridgewood/Glendale,2019,Percent,0,405
Rego Park/Forest Hills,2019,Percent,0,406
Flushing,2019,Percent,0,407
Fresh Meadows/Briarwood,2019,Percent,0,408
Woodhaven,2019,Percent,0,409
Howard Beach,2019,Percent,0,410
Bayside,2019,Percent,0,411
Jamaica/St. Albans,2019,Percent,0,412
Queens Village,2019,Percent,0,413
The Rockaways,2019,Percent,0.07479,414
St. George,2019,Percent,0.10154,501
South Beach,2019,Percent,0,502
Tottenville,2019,Percent,0,503
Bronx,2019,Percent,0.34137,36005
Brooklyn,2019,Percent,0.26995,36047
Manhattan,2019,Percent,0.18484,36061
Queens,2019,Percent,0.01057,36081
Staten Island,2019,Percent,0.06108,36085
New York City,2019,Percent,0.2323,3651000
Battery Park/Tribeca,2020,Number,0,101
Greenwich Village,2020,Number,0,102
Lower East Side,2020,Number,3546,103
Chelsea/Clinton,2020,Number,0,104
Midtown Business District,2020,Number,36,105
Murray Hill/Stuyvesant,2020,Number,0,106
Upper West Side,2020,Number,0,107
Upper East Side,2020,Number,0,108
Manhattanville,2020,Number,1061,109
Central Harlem,2020,Number,1178,110
East Harlem,2020,Number,2895,111
Washington Heights,2020,Number,769,112
Mott Haven,2020,Number,10227,201
Hunts Point,2020,Number,1910,202
Morrisania,2020,Number,5191,203
Concourse/Highbridge,2020,Number,3662,204
University Heights,2020,Number,6892,205
East Tremont,2020,Number,7924,206
Bedford Park,2020,Number,0,207
Riverdale,2020,Number,861,208
Unionport/Soundview,2020,Number,3134,209
Throgs Neck,2020,Number,0,210
Pelham Parkway,2020,Number,386,211
Williamsbridge,2020,Number,594,212
Williamsburg/Greenpoint,2020,Number,10994,301
Fort Greene/Brooklyn Hts,2020,Number,1139,302
Bedford Stuyvesant,2020,Number,8365,303
Bushwick,2020,Number,694,304
East New York,2020,Number,3161,305
Park Slope,2020,Number,815,306
Sunset Park,2020,Number,0,307
Crown Heights North,2020,Number,1764,308
Crown Heights South,2020,Number,63,309
Bay Ridge,2020,Number,0,310
Bensonhurst,2020,Number,0,311
Borough Park,2020,Number,11101,312
Coney Island,2020,Number,1834,313
Flatbush/Midwood,2020,Number,0,314
Sheepshead Bay,2020,Number,0,315
Brownsville,2020,Number,2330,316
East Flatbush,2020,Number,226,317
Canarsie,2020,Number,779,318
Astoria,2020,Number,286,401
Sunnyside/Woodside,2020,Number,6,402
Jackson Heights,2020,Number,0,403
Elmhurst/Corona,2020,Number,0,404
Ridgewood/Glendale,2020,Number,0,405
Rego Park/Forest Hills,2020,Number,0,406
Flushing,2020,Number,0,407
Fresh Meadows/Briarwood,2020,Number,0,408
Woodhaven,2020,Number,0,409
Howard Beach,2020,Number,0,410
Bayside,2020,Number,0,411
Jamaica/St. Albans,2020,Number,0,412
Queens Village,2020,Number,0,413
The Rockaways,2020,Number,593,414
St. George,2020,Number,1911,501
South Beach,2020,Number,0,502
Tottenville,2020,Number,0,503
Bronx,2020,Number,40781,36005
Brooklyn,2020,Number,43265,36047
Manhattan,2020,Number,9485,36061
Queens,2020,Number,885,36081
Staten Island,2020,Number,1911,36085
New York City,2020,Number,96327,3651000
Battery Park/Tribeca,2020,Percent,0,101
Greenwich Village,2020,Percent,0,102
Lower East Side,2020,Percent,0.50919,103
Chelsea/Clinton,2020,Percent,0,104
Midtown Business District,2020,Percent,0.10198,105
Murray Hill/Stuyvesant,2020,Percent,0,106
Upper West Side,2020,Percent,0,107
Upper East Side,2020,Percent,0,108
Manhattanville,2020,Percent,0.20217,109
Central Harlem,2020,Percent,0.14504,110
East Harlem,2020,Percent,0.29988,111
Washington Heights,2020,Percent,0.09436,112
Mott Haven,2020,Percent,0.72445,201
Hunts Point,2020,Percent,0.31956,202
Morrisania,2020,Percent,0.49055,203
Concourse/Highbridge,2020,Percent,0.21751,204
University Heights,2020,Percent,0.41556,205
East Tremont,2020,Percent,0.64749,206
Bedford Park,2020,Percent,0,207
Riverdale,2020,Percent,0.12866,208
Unionport/Soundview,2020,Percent,0.20661,209
Throgs Neck,2020,Percent,0,210
Pelham Parkway,2020,Percent,0.06085,211
Williamsbridge,2020,Percent,0.05905,212
Williamsburg/Greenpoint,2020,Percent,0.67593,301
Fort Greene/Brooklyn Hts,2020,Percent,0.41075,302
Bedford Stuyvesant,2020,Percent,0.52656,303
Bushwick,2020,Percent,0.08506,304
East New York,2020,Percent,0.20071,305
Park Slope,2020,Percent,0.38847,306
Sunset Park,2020,Percent,0,307
Crown Heights North,2020,Percent,0.31517,308
Crown Heights South,2020,Percent,0.01208,309
Bay Ridge,2020,Percent,0,310
Bensonhurst,2020,Percent,0,311
Borough Park,2020,Percent,0.48815,312
Coney Island,2020,Percent,0.31377,313
Flatbush/Midwood,2020,Percent,0,314
Sheepshead Bay,2020,Percent,0,315
Brownsville,2020,Percent,0.34776,316
East Flatbush,2020,Percent,0.03577,317
Canarsie,2020,Percent,0.1328,318
Astoria,2020,Percent,0.07629,401
Sunnyside/Woodside,2020,Percent,0.00322,402
Jackson Heights,2020,Percent,0,403
Elmhurst/Corona,2020,Percent,0,404
Ridgewood/Glendale,2020,Percent,0,405
Rego Park/Forest Hills,2020,Percent,0,406
Flushing,2020,Percent,0,407
Fresh Meadows/Briarwood,2020,Percent,0,408
Woodhaven,2020,Percent,0,409
Howard Beach,2020,Percent,0,410
Bayside,2020,Percent,0,411
Jamaica/St. Albans,2020,Percent,0,412
Queens Village,2020,Percent,0,413
The Rockaways,2020,Percent,0.12698,414
St. George,2020,Percent,0.24394,501
South Beach,2020,Percent,0,502
Tottenville,2020,Percent,0,503
Bronx,2020,Percent,0.31967,36005
Brooklyn,2020,Percent,0.28334,36047
Manhattan,2020,Percent,0.20577,36061
Queens,2020,Percent,0.01362,36081
Staten Island,2020,Percent,0.12528,36085
New York City,2020,Percent,0.23691,3651000
